{
  "Full Cache (16-bit)": {
    "ShortQA": 55.69444444444444,
    "LongQA": 42.68324268324269,
    "Average": 49.18884356384356
  },
  "TurboQuant (4-bit)": {
    "ShortQA": 63.19327731092437,
    "LongQA": 10.256410256410255,
    "Average": 36.72484378366731
  },
  "TurboQuant (3.5-bit)": {
    "ShortQA": 23.827339327339324,
    "LongQA": 1.5686274509803926,
    "Average": 12.697983389159859
  },
  "TurboQuant (2.5-bit)": {
    "ShortQA": 0.9248554913294796,
    "LongQA": 5.128205128205129,
    "Average": 3.026530309767304
  }
}