{
  "Full Cache (16-bit)": {
    "ShortQA": 46.434375552022615,
    "LongQA": 45.409045409045405,
    "Average": 45.92171048053401
  },
  "TurboQuant (4-bit)": {
    "ShortQA": 49.4490231990232,
    "LongQA": 2.9557821701847886,
    "Average": 26.202402684603996
  },
  "TurboQuant (3.5-bit)": {
    "ShortQA": 0.2867715078630897,
    "LongQA": 1.7699115044247788,
    "Average": 1.0283415061439343
  },
  "TurboQuant (2.5-bit)": {
    "ShortQA": 0.0,
    "LongQA": 1.652892561983471,
    "Average": 0.8264462809917354
  }
}