{
  "Full Cache (16-bit)": {
    "ShortQA": 14.02476477137446,
    "LongQA": 10.945273631840797,
    "Average": 12.485019201607628
  },
  "TurboQuant (2.5-bit)": {
    "ShortQA": 14.02476477137446,
    "LongQA": 10.945273631840797,
    "Average": 12.485019201607628
  },
  "TurboQuant (3.5-bit)": {
    "ShortQA": 14.02476477137446,
    "LongQA": 10.945273631840797,
    "Average": 12.485019201607628
  }
}